lang,category,time,url,title,intro,content
vi,Đồ dùng nội ngoại thất,,http://www.quangcao24h.com.vn/chi-tiet/xem/2517/122938-boc-ghe-sofa-quan-tan-phu,Bọc Ghế Sofa Quận Tân Phú,,"SOFA ĐĂNG KHÔI Địa chỉ: 28 Kênh Nước Đen, P. Bình Hưng Hòa A, Bình Tân Tel: 0938788073 - 0898708069 http://sofadangkhoi.net/ Chuyên sửa chữa, làm mới, bọc mới bàn ghế sofa, salon, ghế giám đốc, ghế văn phòng, Ghế Massage nội thất gia đình, nội thất phòng karaoke, cafe … - Nhận sửa tận nhà cho quý khách hàng với giá rẻ nhất và chất lượng tốt nhất. - Sofa Đăng Khôi chuyên đóng mới sofa cho nhà hàng, khách sạn, quán karaoke...Với những loại chất liệu giả da - da thật - nỉ - vải- nệm - simili của Indo, Thái Lan, Hàn Quốc… - Tư vấn, thiết kế các kiểu sofa mới đẹp mắt hợp với không gian của bạn - Nhận tất cả các công trình trong ngành nệm, vách ngăn cách âm, đầu giường - Sofa Đăng Khôi đặt uy tín chất lượng lên hàng đầu. - Cơ sở chúng tôi rất hân hạnh được phục vụ quý khách ở TPHCM và các tỉnh lân cận. Ngày nay những chiếc ghế massage hẳn không còn xa lạ với chúng ta, nó đem lại cho mỗi người cảm giác thoải mái sau một ngày làm việc, nhưng không có gì còn mãi với thời gian, chiếc ghế massage cũng vậy sau một thời gian sử dụng sẽ bị sờn rách, bong tróc, Sofa Đăng Khôi nhận bọc lại ghế massage, với kỹ thuật tiên tiến, đảm bảo giữ nguyên cảm giác như khi mới mua về. Thông tin liên hệ: SOFA ĐĂNG KHÔI Địa chỉ: 28 Kênh Nước Đen, P. Bình Hưng Hòa A, Bình Tân Tel: 0938788073 - 0898708069 http://sofadangkhoi.net/ http://www.quangcao24h.com.vn/ Các trang công ty liên kết đăng: http://www.quangcao24h.com.vn/ chi-tiet/xem/2517/122938-boc-g he-sofa-boc-ghe-massage-quan-t an-binh-tan-phu http://www.quangcao24h.com.vn/ chi-tiet/xem/2517/122938-boc-g he-sofa-quan-tan-phu https://www.vatgia.com/raovat/ 3392/15286777/boc-ghe-sofa-qua n-tan-phu.html http://tructiep.vn/san-pham/bo c-ghe-sofa-quan-tan-phu-426332 0.htm https://tudomuaban.com/chi-tie t-rao-vat/804389/boc-ghe-sofa- quan-tan-phu.html https://tinrao24h.net/tin/boc- ghe-sofa-quan-tan-phu.8030/ http://thongtin24h.net/threads /boc-ghe-sofa-quan-tan-phu.290 743/ https://raovat24.com.vn/raovat /TPHCM/Noi-ngoai-that-99/Boc-G he-Sofa-Quan-Tan-Phu-183327/ http://raovat.chonmua.com/TP-H CM/boc-ghe-sofa-quan-tan-phu-r v35AE3273.html http://www.xaluan.com/raovat/2 /posts/12-Mua-Ban-Tong-Hop/66- Do-Noi-That/1324943-Boc-Ghe- Sofa-Quan-Tan-Phu.html https://raovat321.com/do-dung/ boc-ghe-sofa-quan-tan-phu- 244401.html https://raovat.vn/boc-ghe- sofa-quan-tan-phu-raovat- 1879192.html http://muaban.com.vn/Sofa- salon-338/Boc-Ghe-Sofa-Quan- Tan-Phu-4408100.html http://www.kenhrao.com/Tin- chi-tiet-783016-boc-ghe-sofa- quan-tan-phu.html http://enbien.com/Tp-HCM/Linh- vuc-khac/Boc-Ghe-Sofa-Quan- Tan-Phu-raovat-1583378.html http://truyenthongtoancau.com/ index.php?threads/b%E1%BB%8Dc- gh%E1%BA%BF-sofa-qu%E1%BA%ADn- t%C3%A2n-ph%C3%BA.40338/ http://quangcaotuoitre.vn/chi- tiet/xem/2517/122938-boc-ghe- sofa-quan-tan-phu"
vi,Đồ dùng nội ngoại thất,,http://www.quangcao24h.com.vn/chi-tiet/xem/14/18839-san-xuat-chau-son-mai-son-bong-son-cat-son-gai-tren-chat-lieu-poly-gom-mdf,Sản Xuất Chậu Sơn Mài Sơn Bóng Sơn Cát Sơn Gai Trên Chất Liệu Poly  Gốm  MDF,,"Công Ty TNHH MTV SX - TM - DV Chậu Sơn Mài HPJ Địa chỉ: 270 Nguyễn Chí Thanh, Thủ Dầu Một, Bình Dương Hotline: 0974633177 – 0979229077 Email: cosotamphep@gmail.com - tamphep.polylacquer@gmail.com Website: sonmaitamphep.com.vn Sơn Mài Tám Phép - là nhà sản xuất Sơn Mài truyền thống gia đình trên 50 năm. Kết hợp với khoa học công nghệ hiện đại mới, chuyên cung cấp đến quý khách hàng các sản phẩm chậu Sơn Mài : Sơn Bóng, Sơn Mờ, Sơn Wash, Sơn Nhám, Sơn Cát, Sơn Nứt, Sơn Gấm ... Trên các chất liệu :Poly, Gốm, Xi măng, Ván MDF... Chậu Sơn Mài Tám Phép chất lượng bền đẹp, màu sắc mẫu mã đa dạng Không phù dợp, không bong tróc, không xuống mặt bóng, không phai màu Chịu được mọi thời tiết ngoài trời Gía gốc phải chăng, giao hàng đúng thời hạn Nhận sản xuất theo mẫu của quý khách hàng TRÂN TRỌNG! Công Ty TNHH MTV SX - TM - DV Chậu Sơn Mài HPJ Địa chỉ: 270 Nguyễn Chí Thanh - P. Hiệp An, Tp. Thủ Dầu Một - Bình Dương ĐT : 06503830509 DĐ : 0974633177 - 0979229077 E mail:cosotamphep@gmail.com Website: sonmaitamphep.com.vn http://www.quangcao24gio.net Các trang công ty liên kết đăng: http://www.quangcao24gio.net/chi-tiet/xem/14/18839-San-Xuat-Chau-Son-Mai-Son-Bong-Son-Cat-Son-Gai-Tren-Chat-Lieu-Poly-Gom-MDF http://www.quangcao24h.com.vn/ chi-tiet/xem/14/18839-san-xuat -chau-son-mai-son-bong-son-cat -son-gai-tren-chat-lieu-poly- gom-mdf http://www.vatgia.com/raovat/8 774/14058177/san-xuat-chau-son -mai-son-bong-son-cat-son-gai- tren-chat-lieu-poly-gom-md.htm l http://tructiep.vn/khac/san-xu at-chau-son-mai-son-bong-son-c at-son-gai-tren-chat-lieu-3836 985.htm http://www.queolua.com/san-xua t-chau-son-mai-son-bong-son-ca t-son-gai-tren-chat-lieu-poly- gom-mdf-1210ceb9.html?msg= POSTING_POSTED https://muare.vn/threads/26/sa n-xuat-chau-son-mai-son-bong-s on-cat-son-gai-tren-chat-lieu- poly-gom-mdf.4335545/ http://enbien.vn/Tp-HCM/Linh-v uc-khac/San-Xuat-Chau-Son-Mai- Son-Bong-Son-Cat-Son-Gai-Tren- Chat-Lieu-Poly-Gom-MDF-raovat- 1352801.html http://mua24h.com.vn/chi-tiet. aspx?id=1612050042 http://www.xaluan.com/raovat/2 /posts/12-Mua-Ban-Tong-Hop/81- Khac/1199048-San-Xuat-Chau-Son -Mai-Son-Bong-Son-Cat-Son-Gai. html http://www.enbac.net/index/ frame/detail/id/740746/San- Xuat-Chau-Son-Mai,-Son-Bong,- Son-Cat,-Son-Gai-Tr.html http://muaban.com.vn/Khac-873/ San-Xuat-Chau-Son-Mai-Son- Bong-Son-Cat-Son-Gai-Tren- Chat-Lieu-Poly-Gom-MDF- 4174229.html http://trangdangtin.com/san- xuat-chau-son-mai-son-bong- son-cat-son-gai-tren-chat- lieu-poly-gom-mdf-p127375.html http://raovatonline.net/ raovat/view/33-8852-san-xuat- chau-son-mai-son-bong-son-cat- son-gai-tren-chat-lieu-poly- gom-mdf.html http://raovat113.com/threads/ san-xuat-chau-son-mai-son- bong-son-cat-son-gai-tren- chat-lieu-poly-gom-mdf.167460/ http://www.raovat.vn/san-xuat- chau-son-mai-son-bong-son-cat- son-gai-tre-raovat-1632030. html http://quangcaotuoitre.vn/chi- tiet/xem/14/18839-san-xuat- chau-son-mai-son-bong-son-cat- son-gai-tren-chat-lieu-poly- gom-mdf"
vi,Đồ dùng nội ngoại thất,,http://www.quangcao24h.com.vn/chi-tiet/xem/14/81321-duc-chuong-dong-duc-tuong-dong-hoanh-phi-cau-doi-lu-dong-tho-cung-qua-tang-trong-dong,Đúc Chuông Đồng Đúc Tượng Đồng Hoành Phi Câu Đối Lư Đồng Thờ Cúng Qúa Tặng Trống Đồng,,"Địa chỉ: 532 Lý Thái Tổ, Phường 10, Quận 10 58 Xuân Diệu, Phường 4, Q. Tân Bình 136 Cầu Bươu, Tân Triều, Thanh Trì, Hà Nội Tel: 08.66.768.753 - 0984.246.198 – 0962.979.869 http://www.dodongtruyenthong.vn Chuyên tranh đồng, chữ đồng, đúc tượng đồng, tượng chân dung, chuông đồng, tượng phật, quà tặng trống đồng, linh vật phong thủy,... ĐÚC ĐỒNG - SẢN XUẤT ĐỒ ĐỒNG MỸ NGHỆ - ĐỒ THỜ - PHONG THỦY Các sản phẩm chính: tranh đồng, tượng đồng, trống đồng, đĩa đồng, đồ thờ cúng, đồ đồng phong thủy, quà tặng đối tác, quà lưu niệm cao cấp... Hàng năm công ty chúng tôi cho ra mắt nhiều mẫu sản phẩm độc đáo,giá trị nghệ thuật cao, đặc biệt những sản phẩm đạt nét tinh xảo và được lựa chọn làm quà tặng cho các nguyên thủ Quốc gia, sự kiện trọng đại của dân tộc. Các sản phẩm cơ khí - công nghiệp: chúng tôi hoàn toàn có thể đáp ứng mọi yêu cầu của Qúy khách về độ chính xác tuyệt đối,chi tiết theo bản vẽ,thiết kế,mẫu mã và thông số kỹ thuật của từng sản phẩm. Công ty ĐỒ ĐỒNG TRUYỀN THỐNG đang phát triển thị trường nội địa và hướng đến xuất khẩu các sản phẩm ra thị trường thế giới. Hoan nghênh các doanh nghiệp, tổ chức, cá nhân cộng tác phân phối sản phẩm với chính sách ưu đãi và hỗ trợ tối đa. 1- Trống đồng mạ vàng 10cm quà tặng vip Với chất liệu được đúc thủ công bằng đồng nguyên khối sau đó trống đồng được phủ lớp vàng 24k giúp cho món quà tặng thêm trang trọng cao cấp hơn. Kích thước 10cm mạ vàng,trọng lượng 1kg gồm cả đế gỗ và hộp đụng quà theo tiên chuẩn. Trống đồng mạ vàng có các kích thước sau.7,8,9,10,12,15,20,25cm... 2- Tượng đồng ba ông phúc lộc thọ Tượng phúc lộc thọ đúng theo như tên gọi có ngụ ý đem lại sức khỏe cuộc sống lâu dài đồng thời đem lại tài vận may mắn cho gia đình.Chúng tôi giới thiệu cách bày trí tượng phúc lộc thọ sao cho hợp lý để được tượng tam tinh phù hộ cho gia đình luôn được sức khỏe dồi dào tài lộc đầy nhà. Tượng đồng phúc lộc thọ được đúc từ đồng nguyên khối bảo đảm bền mãi với thời gian theo trong phong thủy thở cúng thì vật dụng được làm từ kim khí có linh ứng mạnh nhất. DC:532 Lý Thái Tổ Phường 10 Quận 10 HCM DD:0934.877.869 _0962.979.869 Tượng phúc lộc thọ làm bằng đồng Tượng tam đa phúc lộc thọ cao 35 cm 3- Quà tặng khách hàng , tranh đồng tặng bạn hàng Quà tặng khách hàng thân thiết là vật không thể thiếu đối với mỗi công ty,doanh nghiệp,ngành tài chính ngân hàng...Dù món quà tặng đó là gì đi chăng nữa tuy nhỏ nhưng mà có ý nghĩa vô cùng ,đó thay lời cảm ơn của các doanh nghiệp công ty đối với khách hàng.Cảm ơn họ đã tin tưởng dùng dịch vụ của họ.Ví Dụ như bên mobifon mỗi khi sinh nhật khách hàng thân thiết có thiệp chúc mừng hoặc có quà tặng gì đó tuy nhỏ nhưng đối với khách hàng họ rất vui.Họ cảm thấy những món quà đó thể hiện rõ rằng khách hàng được chân trọng,họ tôn trọng khách hàng,nhớ tới khách hàng đó là thông điệp của nhựng món quà tặng lưu niệm mang lại. DD:0934.877.869_0984.246.198 Ngoài ra còn có tranh đồng thánh gióng thể hiện ý trí vươn lên vượt qua mọi khó vươn tới thành công 4- Bộ lư đồng vĩnh tiến 40cm-đại lý cấp 1 Giá trọn bộ ngũ sự 40cm là 5.300.000 Đồ đồng truyền thống ở 532 lý thái tổ quận 10 là đại lý cấp 1 của đồng vĩnh tiến cung cấp các mặt hàng thờ cúng đồng vĩnh tiến giá tốt. Đồng vĩnh tiến được thành lập năm 1996 nhằm đáp ứng nhu cầu về đồ thờ cúng cao cấp bền đẹp do đó công ty đồng vĩnh tiến cho ra dòng sản phẩm thờ cúng cao cấp không phải đánh bóng phục vụ nhu cầu thờ cúng của người dân miền nam nói riêng và thờ cúng của người dân cả nước nói chung. DD:0934 877 869 - 0962.979.869 5- Lư vuông đồng DAPHA trái đào Lư đồng đại phát có hai mẫu kiểu dáng là tròn và vuông,người miền nam thường hay dùng lư vuông trái đào để thờ gia tiên. Lư vuông trái đào có các kích thước sau,70cm,63cm,50cm,47cm và 40cm Với bộ lư trái đào đại như số 1,2 phù hợp với bàn thờ 1,75 đến 1,97 m trọn bộ ngũ sựgồm hai hạc,hai chân đèn và một đỉnh đồng nổi 3D trọng lượng khoảng 28kg. Đỉnh lư cao 63 cm cặp chân đèn cao 47 cm hạc tuong ứng tất cả hoa văn nổi 3 D mặt trước lư có hình hai con rồng nổi khối sắc xảo,mặt sau lư có hình hổ phù,hai quai rồng đăc biệt trên nắp lư 3D có hình con nghê có cánh sắc nét.Trên cặp chân nến có hình tứ ninh long,lân,qui,phụng tất cả các sản phẩm lư đồng đại phát đề có dóng dấu chìm DAPHA ở sản phẩm.Vì vậy hàng đồ thờ đồng đại phát không có hàng giả. Giao hàng miễn phí DD:0934.877.869_0984.246.198 6- Huy hiệu - Phù hiệu - Quốc huy 7- Đúc tượng đồng - Đúc tượng phật - Đúc chuông đồng 8- Vật phẩm phong thủy - quà tặng mạ vàng Địa chỉ: 532 Lý Thái Tổ, Phường 10, Quận 10 58 Xuân Diệu, Phường 4, Q. Tân Bình 136 Cầu Bươi, Tân Triều, Thanh Trì, Hà Nội Tel: 08.66.768.753 - 0984246198 – 0962979869 http://www.dodongtruyenthong.vn http://www.quangcao24h.com.vn Các trang công ty liên kết đăng: http://www.quangcao24h.com.vn/ chi-tiet/xem/14/81321-duc-chuo ng-dong-duc-tuong-dong-hoanh-p hi-cau-doi-lu-dong-tho-cung-qu a-tang-trong-dong"
vi,Đồ dùng nội ngoại thất,,http://www.quangcao24h.com.vn/chi-tiet/xem/2517/73911-cua-hang-mua-ban-ban-ghe-van-phong-cu,Cửa Hàng Mua Bán Bàn Ghế Văn Phòng Cũ,,"ĐỒ CŨ THANH TÂM Địa chỉ: 250 Tây Thạnh, P. Tây Thạnh, Q. Tân Phú Hotline: 0934052274 Chị Thanh - 0913773051 Anh Tâm Website: http://hangthanhlygiare.com Chuyên: Chuyên Mua bán thanh lý bàn ghế, văn phòng, công ty, đồ dùng gia đình, nhà hàng,khách sạn, quán Cafe đã qua sử dụng: bàn ghế gia đình, bàn họp, bàn nhân viên, ghế xoay, quì, quầy thanh toán, tủ học sinh, vách ngăn, quầy nữ trang, tủ sắt, tủ nhôm, tủ quần áo.... - Thu Mua đồ gỗ ( giường tủ, bàn ghế gỗ...) - Mua bán đồ dùng gia đình, vật dụng bếp, điện lạnh, bàn ghế, sofa.. - Mua bán đồ dùng quán ăn, quán cafe quầy , tủ, bàn ăn, dụng cụ... - Mua bán các mặt hàng khác: Loa, amply, tivi, tủ lạnh .... - Mua bán đồ dùng gia đình: vật dụng bếp, điện lạnh, bàn ghế, sofa.. - Mua bán đồ dùng quán ăn, quán cafe: quầy , tủ, bàn ghế, bàn ăn, dụng cụ.. - Mua bán các mặt hàng khác: Loa, amply, tivi, tủ lạnh .... Mua với mức giá cao nhất thị trường Quý khách bán càng nhiều, chúng tôi sẽ có nhiều ưu đãi cho quý khách Chúng tôi sẽ giúp người muốn bán bán được giá cao và người mua thì mua được mức giá hợp lí nhất. + Với người muốn bán đồ cũ, chúng tôi có một đội ngũ đến tận nhà để xem hàng, đánh giá, test sản phẩm và định giá, điều đặc biệt là chúng tôi không ép giá khách hàng, cam kết mua sát giá thị trường, thanh toán 100%. + Với người muốn mua, chúng tôi sẽ tư vấn và cung cấp một mức giá hợp lí nhất với chất lượng sản phẩm cao đã được tân trang như mới. Việc mua bán đồ cũ không chỉ giúp cho chúng ta tận dụng được những mặt hàng tốt tuy đã qua sử dụng nhưng vẫn hiệu quả và chất lượng. Nếu bạn là một người thích cập nhật những thế hệ sản phẩm mới nhất và có ý định thanh lý hàng cũ thì hãy liên hệ ngay với chúng tôi để được thu mua với giá cả tốt nhất. Mọi thông tin về mua bán, thanh lý hàng cũ xin vui lòng liên hệ với chúng tôi. Thông tin liên hệ: ĐỒ CŨ THANH TÂM Địa chỉ: 250 Tây Thạnh, P. Tây Thạnh, Q. Tân Phú Hotline: 0934052274 Chị Thanh - 0913773051 Anh Tâm Website: http://hangthanhlygiare.com Email: thanhtamthanhly@gmail.com Nguồn đăng: http://www.quangcao24h.com.vn Các trang công ty liên kết đăng: http://www.quangcao24h.com.vn/ chi-tiet/xem/2517/73911-mua- ban-ban-ghe-van-phong-cu http://www.quangcao24h.com.vn/ chi-tiet/xem/2517/73911-cua-ha ng-mua-ban-ban-ghe-van-phong-c u https://www.vatgia.com/raovat/ 11068/14958105/cua-hang-mua-ba n-ban-ghe-van-phong-cu.html http://mua24h.com.vn/chi-tiet. aspx?id=1711190009 https://muare.vn/threads/84/cu a-hang-mua-ban-ban-ghe-van-pho ng-cu.4650469/ http://www.enbac.net/index/fra me/detail/id/878591/Cua-Hang-M ua-Ban-Ban-Ghe-Van-Phong-Cu.ht ml http://muaban.com.vn/Do-van-ph ong-121/Cua-Hang-Mua-Ban-Ban-G he-Van-Phong-Cu-4447126.html http://enbien.vn/Tp-HCM/Linh-v uc-khac/Cua-Hang-Mua-Ban-Ban-G he-Van-Phong-Cu-raovat-1508934 .html https://tudomuaban.com/chi-tie t-rao-vat/744013/cua-hang-mua- ban-ban-ghe-van-phong-cu.html http://www.queolua.com/cua-han g-mua-ban-ban-ghe-van-phong-cu -12135d80.html?msg=POSTING_POS TED http://raovat113.com/threads/c ua-hang-mua-ban-ban-ghe-van-ph ong-cu.346166/ http://canmuaban.vn/threads/cu a-hang-mua-ban-ban-ghe-van-pho ng-cu.217267/ http://truyenthongtoancau.com/ index.php?threads/c%E1%BB%ADa- h%C3%A0ng-mua-b%C3%A1n-b%C3%A0 n-gh%E1%BA%BF-v%C4%83n-ph%C3% B2ng-c%C5%A9.12800/ https://raovat.vn/cua-hang-mua -ban-ban-ghe-van-phong-cu-raov at-1772436.html http://tructiep.vn/do-dung-van -phong/cua-hang-mua-ban-ban- ghe-van-phong-cu-4106872.htm http://quangcaotuoitre.vn/chi- tiet/xem/2517/73911-cua-hang-m ua-ban-ban-ghe-van-phong-cu http://www.xaluan.com/raovat/ 2/posts/12-Mua-Ban-Tong-Hop/ 81-Khac/1281665-Cua-Hang-Mua- Ban-Ban-Ghe-Van-Phong-Cu.html"
vi,Đồ dùng nội ngoại thất,,http://www.quangcao24h.com.vn/chi-tiet/xem/2517/83197-boc-ghe-sofa-hcm,Bọc Ghế Sofa HCM,,"SOFA ĐĂNG KHÔI Địa chỉ: 28 Kênh Nước Đen, P. Bình Hưng Hòa A, Bình Tân Tel: 0938.788.073 - 0898.708.069 http://sofadangkhoi.net/ Chuyên sửa chữa, làm mới, bọc mới bàn ghế sofa, salon, ghế giám đốc, ghế văn phòng, nội thất gia đình, nội thất phòng karaoke, cafe … - Bọc ghế sofa gia đình - Bọc ghế sofa karaoke - Bọc ghế massage - Bọc ghế sofa cafe - Nhận sửa tận nhà cho quý khách hàng với giá rẻ nhất và chất lượng tốt nhất. - Sofa Đăng Khôi chuyên đóng mới sofa cho nhà hàng, khách sạn, quán karaoke...Với những loại chất liệu giả da - da thật - nỉ - vải- nệm - simili của Indo, Thái Lan, Hàn Quốc… - Tư vấn, thiết kế các kiểu sofa mới đẹp mắt hợp với không gian của bạn - Nhận tất cả các công trình trong ngành nệm, vách ngăn cách âm, đầu giường - Sofa Đăng Khôi đặt uy tín chất lượng lên hàng đầu. - Cơ sở chúng tôi rất hân hạnh được phục vụ quý khách ở TPHCM và các tỉnh lân cận. Ngày nay những chiếc ghế massage hẳn không còn xa lạ với chúng ta, nó đem lại cho mỗi người cảm giác thoải mái sau một ngày làm việc, nhưng không có gì còn mãi với thời gian, chiếc ghế massage cũng vậy sau một thời gian sử dụng sẽ bị sờn rách, bong tróc, Sofa Đăng Khôi nhận bọc lại ghế massage, với kỹ thuật tiên tiến, đảm bảo giữ nguyên cảm giác như khi mới mua về. Chi Tiết Liên Hệ: SOFA ĐĂNG KHÔI Địa chỉ: 28 Kênh Nước Đen, P. Bình Hưng Hòa A, Bình Tân Tel: 0938788073 - 0898708069 http://sofadangkhoi.net/ http://www.quangcao24h.com.vn các tang công ty liên kết đăng: http://www.quangcao24h.com.vn/ chi-tiet/xem/2517/83197-boc-gh e-sofa-hcm https://www.vatgia.com/raovat/ 3392/15163840/boc-ghe-sofa-tph cm.html https://tinrao24h.net/tin/boc- ghe-sofa-hcm.2763/ https://raovat24.com.vn/raovat /TPHCM/Noi-ngoai-that-99/Boc- Ghe-Sofa-HCM-151161/ http://www.kenhrao.com/Tin-chi -tiet-731143-boc-ghe-sofa-hcm. html http://tructiep.vn/san-pham/bo c-ghe-sofa-hcm-4198912.htm https://tudomuaban.com/chi-tie t-rao-vat/822909/boc-ghe-sofa- hcm.html http://www.queolua.com/boc-ghe -sofa-hcm-12146a1a.html?msg= POSTING_POSTED http://raovat.tuoitrevn.net/t1 10568-noi-ngoai-that-boc-ghe- sofa-hcm#160564 http://123nhanh.com/Ho-Chi- Minh/noi-that/Boc-Ghe-Sofa- HCM-cef60.html http://raovat.chonmua.com/TP- HCM/boc-ghe-sofa-hcm- rv35AE536D.html http://muaban.com.vn/Sofa- salon-338/Boc-Ghe-Sofa-HCM- 4458413.html http://enbien.vn/Tp-HCM/Linh- vuc-khac/Boc-Ghe-Sofa-HCM- raovat-1559961.html http://truyenthongtoancau.com/ index.php?threads/b%E1%BB%8Dc- gh%E1%BA%BF-sofa-hcm.30679/ https://raovat.vn/boc-ghe- sofa-hcm-raovat-1836401.html http://quangcaotuoitre.vn/chi- tiet/xem/2517/83197-boc-ghe- sofa-hcm"
vi,Đồ dùng nội ngoại thất,,http://www.quangcao24h.com.vn/chi-tiet/xem/14/23386-ban-an-mat-da-ban-an-mat-da-hoa-cuong-noi-that-thuy-tung,Bàn Ăn Mặt Đá  Bàn Ăn Mặt Đá Hoa Cương  Nội Thất Thủy Tùng,,"NỘI THẤT CAO CẤP THỦY TÙNG Địa chỉ: 240 Lũy Bán Bích, P. Hòa Thạnh, Q. Tân Phú Điện thoại: Anh Châu 0903901038 – 0902773978 http://bananmatda.com/ http://bananmatdacaocap.com/ http://bananmatdathuytung.com/ http://bananmatdacaocapnhapkhau.com/ https://www.facebook.com/Bananmatdahoacuong/ Chúng tôi chuyên cung cấp sỉ & lẻ các loại : - Bàn ăn mặt đá thiên nhiên: Bàn tròn mâm xoay, chữ nhật, ovan, ... với các họa tiết sắc sảo, mẫu mã đa dạng. Chân bàn - ghế bằng gỗ nhập đã qua tẩm sấy chống mối mọt, thời tiết,... Giá: 6 triệu – 25 triệu / bàn Liên hệ: Cửa hàng nội thất cao cấp Thủy Tùng Địa chỉ: 240 Lũy Bán Bích, P. Hòa Thạnh, Q. Tân Phú Điện thoại: Anh Châu 0903901038 – 0902773978 http://bananmatda.com/ http://bananmatdacaocap.com/ http://bananmatdathuytung.com/ http://bananmatdacaocapnhapkhau.com/ https://www.facebook.com/Bananmatdahoacuong/ Email: noithatthuytung@gmail.com http://www.quangcao24gio.net Các trang công ty liên kết đăng: http://www.quangcao24h.com.vn/ chi-tiet/xem/14/23386-ban-an-m at-da-ban-an-mat-da-hoa-cuong- noi-that-thuy-tung http://quangcaotuoitre.vn/chi- tiet/xem/14/23386-ban-an-mat- da-ban-an-mat-da-hoa-cuong- noi-that-thuy-tung http://www.quangcao24h.com.vn/ chi-tiet/xem/14/23386-ban-an-m at-da-ban-an-mat-da-hoa-cuong- noi-that-thuy-tung http://mua24h.com.vn/chi-tiet. aspx?id=1709240016 https://muare.vn/threads/108/b an-an-mat-da-ban-an-mat-da-hoa -cuong-noi-that-thuy-tung.4598 797/ http://www.enbac.net/index/fra me/detail/id/852772/Ban-An-Mat -Da-Ban-An-Mat-Da-Hoa-Cuong-No i-That-T.html http://muaban.com.vn/Nha-bep-p hong-an-299/Ban-An-Mat-Da-Ban- An-Mat-Da-Hoa-Cuong-Noi-That-T huy-Tung-4401376.html http://enbien.vn/Tp-HCM/Linh-v uc-khac/Ban-An-Mat-Da-Ban-An-M at-Da-Hoa-Cuong-Noi-That-Thuy- Tung-raovat-1480719.html http://www.vatgia.com/raovat/3 357/14850036/ban-an-mat-da-ban -an-mat-da-hoa-cuong-noi-that- thuy-tung.html https://tudomuaban.com/chi-tie t-rao-vat/711589/ban-an-mat-da ---ban-an-mat-da-hoa-cuong--- noi-that-thuy-tung.html http://raovat.tuoitrevn.net/t9 0222-noi-ngoai-that-ban-an-mat -da-ban-an-mat-da-hoa-cuong-no i-that#130579 http://www.xaluan.com/raovat/2 /posts/12-Mua-Ban-Tong-Hop/66- Do-Noi-That/1268694-Ban-An-Mat -Da-Ban-An-Mat-Da-Hoa-Cuong- Noi-That.html http://raovat113.com/threads/ ban-an-mat-da-ban-an-mat-da- hoa-cuong-noi-that-thuy-tung. 311630/ http://canmuaban.vn/threads/ ban-an-mat-da-ban-an-mat-da- hoa-cuong-noi-that-thuy-tung. 194051/ http://tructiep.vn/san-pham/ ban-an-mat-dda-ban-an-mat-da- hoa-cuong-noi-that-thuy-tung- 4065654.htm http://truyenthongtoancau.com/ index.php?threads/b%C3%A0n-% C4%82n-m%E1%BA%B7t-%C4%90%C3% A1-b%C3%A0n-%C4%82n-m%E1%BA% B7t-%C4%90%C3%A1-hoa-c%C6%B0% C6%A1ng-n%E1%BB%99i-th%E1%BA% A5t-th%E1%BB%A7y-t%C3%B9ng. 6311/ http://quangcaotuoitre.vn/chi- tiet/xem/14/23386-ban-an-mat- da-ban-an-mat-da-hoa-cuong- noi-that-thuy-tung"
vi,Đồ dùng nội ngoại thất,,http://www.quangcao24h.com.vn/chi-tiet/xem/2517/119117-boc-ghe-sofa-boc-ghe-massage-toan-than-gia-re,Bọc Ghế Sofa Bọc Ghế Massage Toàn Thân Giá Rẻ,,"SOFA ĐĂNG KHÔI Địa chỉ: 28 Kênh Nước Đen, P. Bình Hưng Hòa A, Bình Tân Tel: 0938788073 - 0898708069 http://sofadangkhoi.net/ Chuyên sửa chữa, làm mới, bọc mới bàn ghế sofa, salon, ghế giám đốc, ghế văn phòng, Ghế Massage nội thất gia đình, nội thất phòng karaoke, cafe … - Nhận sửa tận nhà cho quý khách hàng với giá rẻ nhất và chất lượng tốt nhất. - Sofa Đăng Khôi chuyên đóng mới sofa cho nhà hàng, khách sạn, quán karaoke...Với những loại chất liệu giả da - da thật - nỉ - vải- nệm - simili của Indo, Thái Lan, Hàn Quốc… - Tư vấn, thiết kế các kiểu sofa mới đẹp mắt hợp với không gian của bạn - Nhận tất cả các công trình trong ngành nệm, vách ngăn cách âm, đầu giường - Sofa Đăng Khôi đặt uy tín chất lượng lên hàng đầu. - Cơ sở chúng tôi rất hân hạnh được phục vụ quý khách ở TPHCM và các tỉnh lân cận. Ngày nay những chiếc ghế massage hẳn không còn xa lạ với chúng ta, nó đem lại cho mỗi người cảm giác thoải mái sau một ngày làm việc, nhưng không có gì còn mãi với thời gian, chiếc ghế massage cũng vậy sau một thời gian sử dụng sẽ bị sờn rách, bong tróc, Sofa Đăng Khôi nhận bọc lại ghế massage, với kỹ thuật tiên tiến, đảm bảo giữ nguyên cảm giác như khi mới mua về. SOFA ĐĂNG KHÔI Địa chỉ: 28 Kênh Nước Đen, P. Bình Hưng Hòa A, Bình Tân Tel: 0938788073 - 0898708069 http://sofadangkhoi.net/ http://www.quangcao24h.com.vn/ Các trang công ty liên kết đăng: http://www.quangcao24h.com.vn/ chi-tiet/xem/2517/119117-boc-g he-sofa-boc-ghe-massage-toan-t han-gia-re http://www.quangcao24h.com.vn/ chi-tiet/xem/2517/119117-boc-g he-sofa-boc-ghe-massage-toan-t han-gia-re http://www.vatgia.com/raovat/3 392/14585862/boc-ghe-sofa-boc- ghe-massage-toan-than-gia-re.h tml https://muare.vn/threads/108/b oc-ghe-sofa-boc-ghe-massage-to an-than-gia-re.4491493/ http://mua24h.com.vn/chi-tiet. aspx?id=1706030024 http://www.enbac.net/index/fra me/detail/id/803911/Boc-Ghe-So fa,-Boc-Ghe-Massage-Toan-Than- Gia-Re.html http://muaban.com.vn/Sofa-salo n-338/Boc-Ghe-Sofa-Boc-Ghe-Mas sage-Toan-Than-Gia-Re-4305254. html http://enbien.vn/Tp-HCM/Phong- khach/Boc-Ghe-Sofa-Boc-Ghe-Mas sage-Toan-Than-Gia-Re-raovat-1 426680.html http://www.queolua.com/boc-ghe -sofa-boc-ghe-massage-toan-tha n-gia-re-12126975.html?msg=POS TING_POSTED http://raovat113.com/threads/b oc-ghe-sofa-boc-ghe-massage-to an-than-gia-re.261217/ http://canmuaban.vn/threads/bo c-ghe-sofa-boc-ghe-massage-toa n-than-gia-re.153040/ http://trangdangtin.com/boc-gh e-sofa-boc-ghe-massage-toan-th an-gia-re-p164181.html http://thongtinmuaban.vn/detai ls.php?id=258830 https://raovat.vn/boc-ghe-sofa -boc-ghe-massage-toan-than- gia-re-raovat-1740589.html http://raovatonline.vn/raovat/ noi-that-gia-dung/boc-ghe-sofa -boc-ghe-massage-toan-than- gia-re-dang-khoi.html http://quangcaotuoitre.vn/chi- tiet/xem/2517/119117-boc-ghe-s ofa-boc-ghe-massage-toan-than- gia-re http://www.xaluan.com/raovat/ 2/posts/12-Mua-Ban-Tong-Hop/ 66-Do-Noi-That/1241111-Boc- Ghe-Sofa-Boc-Ghe-Massage-Toan- Than-Gia-Re.html"
vi,Đồ dùng nội ngoại thất,,http://www.quangcao24h.com.vn/chi-tiet/xem/2517/89496-cung-cap-mut-xop-(mousse)-mut-rua-chen,Cung Cấp Mút Xốp mousse Mút Rửa Chén,,"CÔNG TY TNHH MOUSSE NHỰA VINA CUNG CẤP MÚT XỐP (MOUSSE), MÚT RỬA CHÉN Đ/c: 332/10 Âu Cơ, Phường 10, Quận Tân Bình Tel, Viber, Zalo : 0987723469 - 0902415203 Ms. Phương Website: http://moussenhuavina.com/ Facebook: Sản Xuất Và Gia Công Mút Xốp Mail: Moussenhuavina@gmail.com Chúng tôi là công ty chuyên sản xuất và phân phối các loại mút xốp, Nhận sản xuất tất cả các đơn hàng mút xốp theo yêu cầu chất lượng và kích thước của quý khách. Đến với chúng tôi, Quý khách hàng sẽ được đội ngũ nhân viên chuyên nghiệp, nhiệt tình tư vấn để lựa chọn sản phẩm phù hợp nhất:"" * LÀM THÀNH MÚT RỬA CHÉN, RỬA XE * DÙNG TRONG VIỆC XÂY DỤNG CÁCH ÂM GIẢM ỒN, TIÊU ÂM * DÙNG LÀM NỆM SOFA, NỆM MÚT * DÙNG ĐỂ CHỐNG SỐC DÀNH CHO CÁC SẢN PHẨM DỄ VỠ NHƯ: KÍNH, THỦY TINH, LINH KIỆN ĐIỆN TỬ... Công ty đã đầu thư thêm máy cắt với kỹ thuật cắt tiên tiến có thể cắt được các hình dạng phức tạp như Hình Tròn - hình elip - Hình đục lỗ Chúng tôi cắt theo quy cách theo yêu cầu khách hàng, hỗ trợ vận chuyển tận nơi Hình đục lỗ Hình Tròn Thông tin liên hệ: CÔNG TY TNHH MOUSSE NHỰA VINA CUNG CẤP MÚT XỐP (MOUSSE), MÚT RỬA CHÉN Đ/c: 332/10 Âu Cơ, Phường 10, Quận Tân Bình Tel, Viber, Zalo : 0987723469 - 0902415203 Ms. Phương Website: http://moussenhuavina.com/ Facebook: Sản Xuất Và Gia Công Mút Xốp Mail: Moussenhuavina@gmail.com http://www.quangcao24h.com.vn Các trang công ty liên kết đăng: http://www.quangcao24h.com.vn/ chi-tiet/xem/2517/89496-cung-c ap-mut-xop-(mousse)-mut-rua-ch en http://www.quangcao24h.com.vn/ chi-tiet/xem/2517/89496-cung-c ap-mut-xop-(mousse)-mut-rua-ch en http://tructiep.vn/cac-mat-han g-khac/cung-cap-mut-xop-mousse -mut-rua-chen-4263332.htm https://www.vatgia.com/raovat/ 8617/15286791/cung-cap-mut-xop -mousse-mut-rua-chen.html http://www.xaluan.com/raovat/2 /posts/12-Mua-Ban-Tong-Hop/81- Khac/1324950-Cung-Cap-Mut-Xop- mousse-Mut-Rua-Chen.html https://raovat321.com/dich-vu/ cung-cap-mut-xop-mousse-mut-ru a-chen-244418.html https://raovat.vn/cung-cap-mut -xop-mousse-mut-rua-chen-raova t-1879236.html http://muaban.com.vn/Khac-523/ Cung-Cap-Mut-Xop-mousse-Mut-Ru a-Chen-4409954.html http://www.kenhrao.com/Tin-chi -tiet-783047-cung-cap-mut-xop- mousse-mut-rua-chen.html http://enbien.com/Tp-HCM/Linh- vuc-khac/Cung-Cap-Mut-Xop-mous se-Mut-Rua-Chen-raovat-1583388 .html http://truyenthongtoancau.com/ index.php?threads/cung-c%E1%BA %A5p-m%C3%BAt-x%E1%BB%91p-mous se-m%C3%BAt-r%E1%BB%ADa-ch%C3% A9n.40344/ http://quangcaotuoitre.vn/chi- tiet/xem/2517/89496-cung-cap-m ut-xop-(mousse)-mut-rua-chen https://tinrao24h.net/tin/cung -cap-mut-xop-mousse-mut-rua- chen.8084/ https://tudomuaban.com/chi-tie t-rao-vat/719090/cung-cap-mut- xop-(mousse)-mut-rua-chen.html http://thongtin24h.net/ threads/cung-cap-mut-xop- mousse-mut-rua-chen.290994/ http://raovat.chonmua.com/TP- HCM/cung-cap-mut-xop-mousse- mut-rua-chen-rv35AEC919.html https://raovat24.com.vn/ raovat/TPHCM/Khac/Cung-Cap- Mut-Xop-mousse-Mut-Rua-Chen- 183856/"
vi,Đồ dùng nội ngoại thất,,http://www.quangcao24h.com.vn/chi-tiet/xem/2517/137706-cung-cap-tham-trai-san-van-phong,Cung Cấp Thảm Trải Sàn Văn Phòng,,"Cung Cấp Thảm Trải Sàn TRANG TRÍ NỘI THẤT VẠN THÀNH Địa chỉ: 412 Lý Thái Tổ, Phường 10, Quận 10, TPHCM Tel: 08.39272081 - Hotline: 0918666949 (Ms Linh) ( không làm website và quảng cáo google) Vạn Thành chuyên cung cấp thảm trải sàn các loại, thảm nghệ thuật, thảm chùi chân, thảm nhựa trải sàn xe, thảm chống trơn... Sản phẩm chất lượng, nhiều mẫu mã đẹp cho khách hàng lựa chọn ! Bên cạnh đó, Vạn Thành còn cung cấp các loại màn sáo đứng văn phòng, màn gỗ văn phòng, màn cuốn, các loại màn nhựa che nắng, mưa... Màn trúc vẽ theo yêu cầu của khách hàng Màn hạt nhựa Đài Loan Màn sáo nhôm có nhiều hình ảnh cho khách lựa chọn Màn cuốn cửa số gia đình, văn phòng Màn gỗ cửa sổ Màn gỗ cửa sổ Màn gỗ cửa sổ Màn gỗ cửa sổ Màn gỗ cửa sổ Thông tin liên hệ: Địa chỉ: 412 Lý Thái Tổ, Phường 10, Quận 10, TPHCM Tel: 08.39272081 - Hotline: 0918666949 (Ms Linh) Nguồn đăng: http://www.quangcao24gio.net Các trang công ty liên kết đăng: http://www.quangcao24h.com.vn/ chi-tiet/xem/2517/137706-cung- cap-tham-trai-san-van-phong http://vaonhanh.com/view/Cung- Cap-Tham-Trai-San-Van-Phong.ht ml https://www.vatgia.com/raovat/ 3372/15117790/cung-cap-tham-tr ai-san-van-phong.html https://tinrao24h.net/tin/cung -cap-tham-trai-san-van-phong. 1962/ http://www.kenhrao.com/Tin-chi -tiet-717197-cung-cap-tham-tra i-san-van-phong.html http://enbien.vn/Tp-HCM/Linh-v uc-khac/Cung-Cap-Tham-Trai-San -Van-Phong-raovat-1550857.html https://tudomuaban.com/chi-tie t-rao-vat/804386/cung-cap-tham -trai-san-van-phong.html http://www.queolua.com/cung-ca p-tham-trai-san-van-phong-1214 330c.html?msg=POSTING_POSTED http://raovat.tuoitrevn.net/t1 07361-dien-dan-rao-vat-tong-ho p-cung-cap-tham-trai-san-van- phong#156327 http://123nhanh.com/Ho-Chi- Minh/rao-vat-khac/Cung-Cap- Tham-Trai-San-Van-Phong-ccd14. html http://raovat.chonmua.com/TP- HCM/cung-cap-tham-trai-san- van-phong-rv35AE3279.html https://raovat.vn/cung-cap- tham-trai-san-van-phong- raovat-1820850.html http://truyenthongtoancau.com/ index.php?threads/cung-c%E1% BA%A5p-th%E1%BA%A3m-tr%E1%BA% A3i-s%C3%A0n-v%C4%83n-ph%C3% B2ng.26442/ http://tructiep.vn/cac-mat- hang-khac/cung-cap-tham-trai- san-van-phong-4178341.htm http://quangcaotuoitre.vn/chi- tiet/xem/2517/137706-cung-cap- tham-trai-san-van-phong https://raovatonline.org/rao- vat/cung-cap-tham-trai-san- van-phong/"
vi,Đồ dùng nội ngoại thất,,http://www.quangcao24h.com.vn/chi-tiet/xem/14/59588-mua-ban-do-cu-tai-hoc-mon-cu-chi-quan-12,Mua Bán Đồ Cũ tại Hóc Môn Củ Chi Quận 12,,"CƠ SỞ ĐỒ CŨ PHẾ LIỆU XUÂN LỘC Đ/c: 34 Bùi Công Trừng, Đông Thạnh, Hóc Môn Tel: 0963235878 - 01685884042 - 01695523173 Chuyên: mua và bán các loại bàn ghế văn phòng gia đình, tủ áo, giường, salon, sofa, bàn ghế nhà hàng, thanh lý cafe, thanh lý quán ăn, văn phòng, xe cơm, xe phở, hàng thanh lý các loại, tất cả đồ đã qua sử dụng. CƠ SỞ ĐỒ CŨ PHẾ LIỆU XUÂN LỘC chuyên mua tất cả đồ dùng đã qua sử dụng của nhà hàng, làng nướng, quán cơm, quán phở, quán nhậu, căn tin, quán café… Tất cả thiết bị đồ dùng trong nhà bếp … quầy bar, kệ inox, âm thanh hát với nhau, karaoke 5 số - 6 số. máy lạnh, tủ lạnh, tủ đông, tủ mát. Bàn ghế gỗ, bàn ghế inox, bàn ghế nhựa, bàn ghế giả mây… Xe nước mía, xe inox, xe nhôm… Đến tận nơi, không ngại xa, mua trọn gói, giá cả cạnh tranh, thanh toán một lần, Vận chuyển nhanh gọn.24/24. Qúy khách hàng có nhu cầu MUA & BÁN xin vui lòng liên hệ: Chúng tôi sẽ đến tận nơi xem đồ và mua giá cao! Không ngại xa. Chúng tôi cam kết giá thu mua sát với giá thị trường , không ép giá + Vui vẻ , nhiệt tình - Thanh Lý hàng công ty, xác nhà, kho xưởng các loại... Chuyên thu mua: Sắt, Chì, Phôm Nhôm, Nhựa PP, PA các loại, Ba Giớ Sắt, Đồng Đỏ, Nhôm,, Đồng, Vải, Inox, Máy Móc, Xác Nhà Xưởng....Quý khách vui lòng liên hệ để bán đươc phế liệu giá cao. - Mua Tôn cây cửa cũ, xác nhà, khung nhà xưởng + Thanh toán 100 % trọn gói 1 lần Phục vụ tất cả các khu vực 24h/24h - không ngại xa CƠ SỞ ĐỒ CŨ PHẾ LIỆU XUÂN LỘC Đ/c: 34 Bùi Công Trừng, Đông Thạnh, Hóc Môn Tel: 0963235878 - 01685884042 - 01695523173 http://www.quangcao24h.com.vn"
vi,Đồ dùng nội ngoại thất,,http://www.quangcao24h.com.vn/chi-tiet/xem/2517/192938-cung-cap-tuong-cay-hoa-gia-gia-re-quan-go-vap,Cung Cấp Tường Cây Hoa Giả Giá Rẻ Quận Gò Vấp,,"TƯỜNG CÂY HOA GIẢ THANH TRÚC Đ/c: 332/128/3B Dương Quảng Hàm, P.5, Q.Gò Vấp Tel: 0919427417 TƯỜNG CÂY HOA GIẢ THANH TRÚC CHUYÊN CUNG CẤP TƯỜNG CÂY GIẢ GIÁ RẺ TẠI GÒ VẤP Cây nhựa, hoa vải, hoa lụa, cây nhựa trang trí, cỏ nhân tạo mà chúng tôi giới thiệu và cung cấp đến quý khách luôn mang đậm màu sắc thiên nhiên giúp bạn cân bằng cuộc sống và gia tăng hiệu quả làm việc, thưởng thức cái đẹp. Các sản phẩm được lựa chọn kỹ lưỡng có giá trị thẩm mỹ cao, không bị héo úa theo thời gian, không đòi hỏi công chăm sóc, và đặc biệt phù hợp với sở thích yêu hoa, yêu thiên nhiên và yêu cái đẹp. Cùng với hoa và cây, tất cả sẽ góp phần thăng hoa cuộc sống tinh thần của bạn. Với thiết kế đẹp, độc đáo, sáng tạo cho những không gian khác nhau cùng mức giá hợp lý, luôn lấy sự hài lòng của khách hàng làm tiêu chí cạnh tranh, từ chất lượng dịch vụ, phong cách làm việc cho đến thái độ phục vụ luôn được chúng tôi cam kết 100% là tốt nhất. Mức giá dao động từ 1 triệu 3 đến 2 triệu rưỡi. Quý khách hàng có nhu cầu vui lòng liên hệ hotline: 0919427417 để được tư vấn và hỗ trợ tốt nhất! TƯỜNG CÂY HOA GIẢ THANH TRÚC Đ/c: 332/128/3B Dương Quảng Hàm, P.5, Q.Gò Vấp Tel: 0919427417 http://www.quangcao24h.com.vn Các trang công ty liên kết đăng: http://www.quangcao24h.com.vn/ chi-tiet/xem/2517/192938-cung- cap-tuong-cay-hoa-gia-gia-re- quan-go-vap https://www.vatgia.com/raovat/ 3365/15352503/cung-cap-tuong- cay-hoa-gia-gia-re-quan-go- vap.html http://tructiep.vn/dich-vu- khac/cung-cap-tuong-cay-hoa- gia-gia-re-quan-go-vap- 4302519.htm http://quangcaotuoitre.vn/chi- tiet/xem/2517/192938-cung-cap- tuong-cay-hoa-gia-gia-re-quan- go-vap http://raovat24.com.vn/raovat/ TPHCM/Khac/Cung-Cap-Tuong-Cay- Hoa-Gia-Gia-Re-Quan-Go-Vap- 202158/ https://tinrao24h.net/tin/ cung-cap-tuong-cay-hoa-gia- gia-re-quan-go-vap.11446/ http://thongtin24h.net/ threads/cung-cap-tuong-cay- hoa-gia-gia-re-quan-go-vap. 303851/ https://truyenthongtoancau. com/index.php?threads/cung-c% E1%BA%A5p-t%C6%B0%E1%BB%9Dng- c%C3%A2y-hoa-gi%E1%BA%A3-gi% C3%A1-r%E1%BA%BB-qu%E1%BA%ADn- g%C3%B2-v%E1%BA%A5p.44906/ https://tudomuaban.com/chi- tiet-rao-vat/919704/cung-cap- tuong-cay-hoa-gia-gia-re-quan- go-vap.html http://enbien.vn/Tp-HCM/Linh- vuc-khac/Cung-cap-tuong-cay- hoa-Gia-Gia-Re-Quan-Go-Vap- raovat-1591302.html https://raovat321.com/dich-vu/ cung-cap-tuong-cay-hoa-gia- gia-re-quan-go-vap-273251.html https://raovat.vn/cung-cap- tuong-cay-hoa-gia-gia-re-quan- go-vap-raovat-1908052.html http://raovat.chonmua.com/TP- HCM/cung-cap-tuong-cay-hoa- gia-gia-re-quan-go-vap- rv35AF12AB.html http://muaban.com.vn/Khac-523/ Cung-Cap-Tuong-Cay-Hoa-Gia- Gia-Re-Quan-Go-Vap-4448121. html http://www.kenhrao.com/Tin- chi-tiet-813972-cung-cap- tuong-cay-hoa-gia-gia-re-quan- go-vap.html http://www.xaluan.com/raovat/ 2/posts/12-Mua-Ban-Tong-Hop/ 81-Khac/1335310-Cung-Cap- Tuong-Cay-Hoa-Gia-Gia-Re-Quan- Go-Vap.html"
vi,Đồ dùng nội ngoại thất,,http://www.quangcao24h.com.vn/chi-tiet/xem/2517/193068-thi-cong-phong-xong-hoi-gia-re-cung-cap-da-muoi-himalaya,Thi Công Phòng Xông Hơi Giá Rẻ Cung Cấp Đá Muối Himalaya,,"THI CÔNG PHÒNG XÔNG HƠI GIÁ RẺ CUNG CẤP ĐÁ MUỐI HIMALAYA Facebook: Đá muối tự nhiên Himalaya Liên hệ: 0939.010.984 Chị Tinh Đá muối Himalaya là quà tặng quý giá từ thiên nhiên ban tặng cho con người được ví như “kim cương hồng”. Đây là một khoáng sản tinh khiết bậc nhất, chứa hơn 84 loại khoáng chất có lợi cùng khả năng phát ra các ion âm có tác dụng thanh lọc không khí và tốt với cơ thể. Do đó, đá muối Himalaya được ứng dụng rất nhiều ở lĩnh vực chăm sóc sức khỏe và làm đẹp tại các trung tâm spa hiện đại. Trong spa, đá muối Himalaya được dùng nhằm tạo nên những dịch vụ trị liệu thú vị, như: xông hơi, massage, giảm béo, trẻ hóa da hay tắm dưỡng,.. Đáp ứng nhu cầu đó, cơ sở chúng tôi chuyên cung cấp đầy đủ và hoàn thiện các loại đá muối Himalaya, giường đá muối theo yêu cầu của khách hàng. Ngoài ra, chúng tôi còn chuyên thi công phòng xông hơi, đóng phòng massage... không qua trung gian nên mức giá vô cùng hữu nghị. Với nét tinh tế vốn có trên những phiến đá, kết hợp với thiết kế spa chuyên nghiệp, luôn lấy sự hài lòng của khách hàng làm tiêu chí cạnh tranh, từ chất lượng dịch vụ, phong cách làm việc cho đến thái độ phục vụ luôn được chúng tôi cam kết 100% là tốt nhất. Phòng xông hơi Ghế massage Cùng với phương châm ""Uy tín - Chất lượng - Hiệu quả"" đội ngũ nhân viên chuyên nghiệp, tinh thần trách nhiệm cao trong việc đảm bảo mang lại chất lượng tuyệt đối cho khách hàng. Giường đá muối - 5 triệu Đá muối Himalaya Đá cong giá từ 330 đến 500 tùy vào số lượng Giá từ 800 đến 1.tr Quý khách hàng có nhu cầu vui lòng liên hệ hotline: 0939010984 để được tư vấn thi công, lắp đặt phòng xông hơi đá muối cao cấp nhanh nhất! Liên hệ: 0939010984 Chị Tinh Facebook: Đá muối tự nhiên Himalaya Đ/c: A6 39 Ấp 1A - Vĩnh Lộc A - Bình Chánh, TP.HCM http://www.quangcao24h.com.vn Các trang công ty liên kết đăng: http://www.quangcao24h.com.vn/ chi-tiet/xem/2517/193068-thi- cong-phong-xong-hoi-gia-re- cung-cap-da-muoi-himalaya https://www.vatgia.com/raovat/ 4306/15352491/thi-cong-phong- xong-hoi-gia-re-cung-cap-da- muoi-himalaya.html http://tructiep.vn/dich-vu- khac/thi-cong-phong-xong-hoi- gia-re-cung-cap-da-muoi- himalaya-4302511.htm http://quangcaotuoitre.vn/chi- tiet/xem/2517/193068-thi-cong- phong-xong-hoi-gia-re-cung- cap-da-muoi-himalaya http://raovat24.com.vn/raovat/ TPHCM/Khac/Thi-Cong-Phong- Xong-Hoi-Gia-Re-Cung-Cap-Da- Muoi-Himalaya-202161/ https://tinrao24h.net/tin/thi- cong-phong-xong-hoi-gia-re- cung-cap-da-muoi-himalaya. 11448/ http://thongtin24h.net/ threads/thi-cong-phong-xong- hoi-gia-re-cung-cap-da-muoi- himalaya.303853/ https://truyenthongtoancau. com/index.php?threads/thi-c% C3%B4ng-ph%C3%B2ng-x%C3%B4ng- h%C6%A1i-gi%C3%A1-r%E1%BA%BB- cung-c%E1%BA%A5p-%C4%90%C3%A1- mu%E1%BB%91i-himalaya.44908/ http://enbien.vn/Tp-HCM/Linh- vuc-khac/Thi-Cong-Phong-Xong- Hoi-Gia-Re-Cung-Cap-Da-Muoi- Himalaya-raovat-1591303.html https://tudomuaban.com/chi- tiet-rao-vat/919706/thi-cong- phong-xong-hoi-gia-re-cung- cap-da-muoi-himalaya.html https://raovat321.com/dich-vu/ thi-cong-phong-xong-hoi-gia- re-cung-cap-da-muoi-himalaya- 273250.html https://raovat.vn/thi-cong- phong-xong-hoi-gia-re-cung- cap-da-muoi-himalaya-raovat- 1908051.html http://raovat.chonmua.com/TP- HCM/thi-cong-phong-xong-hoi- gia-re-cung-cap-da-muoi- himalaya-rv35AF12A9.html http://muaban.com.vn/Khac-523/ Thi-cong-phong-xong-hoi-Gia- Re-Cung-Cap-Da-Muoi-Himalaya- 4448099.html http://www.kenhrao.com/Tin- chi-tiet-813971-thi-cong- phong-xong-hoi-gia-re-cung- cap-da-muoi-himalaya.html http://www.xaluan.com/raovat/ 2/posts/12-Mua-Ban-Tong-Hop/ 81-Khac/1335312-Thi-Cong- Phong-Xong-Hoi-Gia-Re-Cung- Cap-Da-Muoi-H.html"
vi,Đồ dùng nội ngoại thất,,http://www.quangcao24h.com.vn/chi-tiet/xem/2517/150407-duc-dong-my-nghe,Đúc Đồng Mỹ Nghệ,,"CÔNG TY TNHH ĐỒ ĐỒNG TRUYỀN THỐNG Địa chỉ 1: 532 Lý Thái Tổ, Phường 10, Quận 10, TPHCM Địa chỉ 2: 58 Xuân Diệu, P.4, Quận Tân Bình, TPHCM Địa chỉ 3: 136 Cầu Bươu, Thanh Trì, Hà Nội Tel: 0984246198 - 0909828315 Website: ducdongmynghe.vn - dodongtruyenthong.vn ducdongvietnam.com - webdodong.com Công Ty Đồ Đồng Truyền Thống Chuyên Làm Các Dịch Vụ: - Đồ đồng phong thủy - Đúc đồng mỹ nghệ - Lư đồng - Đồ đồng mạ vàng - Đúc đồng - Hoành phi câu đối - Quốc huy, huy hiệu - Tranh đồng mỹ nghệ .... Công Ty Chúng Tôi Là Nơi Bán Đồ Đồng Thờ Cúng Uy Tín Chất Lượng + Hoành Phi Câu Đối Thờ Cúng Gia Tiên + Lư Đồng Thờ Cúng Bảo Hành 10 Năm Vàng Sáng Bóng + Tranh Thờ Cửu Guyền Thất Tổ Hoa Văn SẮc Nét Tinh Xảo + Miễn Phí Ship Khi Mua Hàng Chi Tiết ; http://www.dodongtruyenthong.vn/do-dong…/7-do-dong-dapha.htm LƯ ĐỒNG ĐẠI PHÁT - ĐỒ THỦ CÔNG MỸ NGHỆ sản xuất trực tiếp tại XƯỞNG ( Các bạn vào album ảnh xem thêm vì chúng tôi có rất nhiều loại và chia từng album để quý vị tiện theo dõi ) https://www.facebook.com/pg/dodongtruyenthong.vn/photos/?ref=page_internal Nơi mà khách hàng có thể kết nối trực tiếp với XƯỞNG và NHẬN MỨC GIÁ ƯU ĐÃI NHẤT mà không cần thông qua cửa hàng. Làng nghề đúc đồng Tống Xá Nằm cách thành phố Nam Định khoảng 20 km, làng Tống Xá được coi là một trong những cái nôi lớn của nghề đúc đồng truyền thống với lịch sử phát triển gần 900 năm. Các nghệ nhân đúc Tống Xá tài hoa đã tạo ra nhiều sản phẩm tinh xảo có mặt khắp cả nước. Thuở xưa, làng Tống Xá chỉ đúc những mặt hàng đơn giản như đồ thờ cúng, đỉnh đồng, lư hương. Ngày nay, sản phẩm của làng nghề ngày càng đa dạng với những bức tượng Phật, danh nhân, lãnh tụ dân tộc. Đặc biệt, phải kể đến những công trình lớn tầm cỡ quốc gia, thể hiện tinh thần, ý nghĩa lịch sử, tầm vóc thời đại như tượng đài Chiến thắng Điện Biên Phủ, tượng đài Bác Hồ tại nhà lưu niệm huyện Định Hóa (tỉnh Thái Nguyên), tượng cố Tổng Bí thư Lê Duẩn tại Nhà Lưu niệm tỉnh Quảng Trị, tượng vua Lý Thái Tổ đặt ngay sát Hồ Gươm, tượng Quốc mẫu Âu Cơ và các vị Lạc tướng, Lạc hầu tại Khu di tích đền Hùng (Phú Thọ), tượng 14 vị vua thời Trần đặt tại quần thể Di tích Lịch sử Văn hóa Thiên Trường, tượng Phật tổ Như Lai bằng đồng đúc liền khối tại núi Non Nước (huyện Sóc Sơn, Hà Nội), tượng Tam thế Phật tổ Như Lai chùa Bái Đính. Một số điểm nổi bật của làng nghề đúc đồng: 1. Kinh nghiệm lâu năm, truyền thống với nhiều sản phẩm đa dang. 2. Nghệ nhân đúc đồng tại Ý Yên mạnh dạn học tập đầu tư công nghệ, máy, thiết bị để sáng tạo, đã thành công với nhiều công trình nổi tiếng. 3. Trí sáng tạo cao, các sản phẩm đồ đồng tại đây luôn có hồn 4. Người làng nghề và các nghệ nhân nhiệt tình, tiếp thu kiến thức mới, và biết uyển chuyển trong các nghề mới như chạm khảm tam khí, gò đồng, nhuộm màu giả cổ… để sáng tạo ra sản phẩm mới độc đáo Công ty chúng tôi là một trong những cơ sở đúc đồng lớn của làng nghề Tống Xá. Chúng tôi sản xuất và phân phối hàng trăm loại sản phẩm bằng đồng với mẫu mã và kích thước đa dạng, phong phú trong đó có các loại đồ thờ cúng, đồ trang trí nội thất như mặt trống, quả trống đồng, tượng Phật và các danh nhân, hình các con thú… Ngoài ra, cơ sở còn nhận đặt hàng đúc chuông, tượng truyền thần, đồ lưu niệm… Với đặc thù sản xuất trực tiếp, giao hàng tận tay, không phải qua bất kì trung gian nào bởi vậy chúng tôi cung cấp với định hướng “ chất lượng cao, giá thành hợp lý và dịch vụ hoàn hảo”. Nhận dát vàng 9999 vào tất cả các sản phẩm theo yêu cầu của khách hàng. Nhận thi công các công trình đình, chùa, miếu, nhà thờ tổ. Một số hình ảnh sản phẩm của công ty Thông tin liên hệ: CÔNG TY TNHH ĐỒ ĐỒNG TRUYỀN THỐNG Địa chỉ 1: 532 Lý Thái Tổ, Phường 10, Quận 10, TPHCM Địa chỉ 2: 58 Xuân Diệu, Phường 4, Quận Tân Bình, TPHCM Địa chỉ 3: 136 Cầu Bươu, Thanh Trì, Hà Nội Tel: 0984246198 - 0909828315 Website: ducdongmynghe.vn - dodongtruyenthong.vn ducdongvietnam.com - webdodong.com Face book: Lư đồng đại phát http://www.quangcao24h.com.vn Các trang công ty liên kết đăng: http://www.quangcao24h.com.vn/ chi-tiet/xem/2517/150407-duc-d ong-my-nghe"
vi,Đồ dùng nội ngoại thất,,http://www.quangcao24h.com.vn/chi-tiet/xem/2517/44464-boc-ghe-sofa-quan-tan-binh,Bọc Ghế Sofa Quận Tân Bình,,"CƠ SỞ GHẾ NỆM - SALON QUỐC KHÁNH Chuyên: Sản xuất, sửa chữa, bọc mới ghế nệm salon cao cấp, thay vải, thay da, simili, vải bông, nhung, bố ngoại, ghế nệm đang sử dụng trong nhà, văn phòng, cơ quan, phòng karaoke, quán bar, khách sạn... Với mẫu mã đa dạng phong phú, chất liệu tốt, bền đẹp giá cả hợp lý Đảm bảo - uy tín - chất lượng * Cơ sở chúng tôi còn nhận sửa chữa, bọc lại tất cả các loại ghế...như ghế sofa, salon nệm, ghế văn phòng, ghế Karaoke, Nhà Hàng …. * S ản phẩm được bảo hành 5 năm cho đóng mới , 3 năm cho bọc lại , vận chuyển miển phí trong thành phố Đội ngũ nhân viên chuyên nghiệp nhiều năm kinh nghiệm, quý khách sẽ hoàn toàn an tâm về chất lượng sản phẩm cũng như mẫu mã sản phẩm khi đến với Cơ sở Ghế Nệm Salon Quốc Khánh chúng tôi. Giá cả hợp lý - uy tín - chất lượng RẤT HÂN HẠNH ĐƯỢC PHỤC VỤ QUÝ KHÁCH CƠ SỞ GHẾ NIỆM SALON QUỐC KHÁNH ĐC1: Số 4, Hẻm C12, Đường Cộng Hòa, P. 13, Q. Tân Bình, TP. HCM ĐC2: Số 139/316, KB, Đường Lý Chính Thắng, P.7, Q.3, TP. HCM Tel: 028.2207.5112 - 028. 22449785 Email: ghenemquockhanh@gmail.com Giám đốc: Mr. Nguyễn Văn Khánh – MB: 0903628475 MST: 8158090827 http://www.quangcao24h.com.vn Các trang công ty liên kết đăng: http://www.quangcao24h.com.vn/ chi-tiet/xem/2517/44464-boc-gh e-sofa-quan-tan-binh"
vi,Đồ dùng nội ngoại thất,,http://www.quangcao24h.com.vn/chi-tiet/xem/14/65117-chuyen-mua-ban-ton-cay-%E2%80%93-cua-cu-%E2%80%93cau-thang-%E2%80%93-lan-can-0908233015,Chuyên Mua Bán Tôn Cây  Cửa Cũ   Cầu Thang  Lan Can  0908233015,,"CỬA HÀNG ĐỒ CŨ HOÀNG TÂN ĐT: 0908233015 Chuyên mua bán: - Tôn cây – cửa cũ – cầu thang – lan can - Nhận: tháo gỡ xác nhà – kho xưởng củ - san lắp mặt bằng – đập phá nhà bêtông - Cửa hàng chúng tôi chuyên kinh doanh các loại vật liệu xây dựng mới và đã qua sử dụng phù hợp với mọi yêu cầu của tất cả Quý khách hàng. Đặc biệt cửa hàng chúng tôi chuyên: + Thu mua xác nhà, nhà xưởng trường học với giá cao. + Chuyên đấu thầu thu mua xác nhà xưởng, cơ quan, trường học, nhà ở. + Thu mua các loại vật liệu xây dựng đã qua sử dụng như: sàn gỗ, cây gỗ, cửa nhôm, cửa sắt, cầu thang, lang can các loại,…. với giá cả hợp lí nhất. + Bán hoặc trao đổi các loại vật liệu mới, cũ với giá cả ưu đãi. + Thu mua các loại máy lạnh đã qua sử dụng với giá cao. - Giao hàng tận nơi theo yêu cầu của khách hàng. Chúng tôi rất mong nhận được sự quan tâm và ủng hộ của Quý khách hàng. Khách hàng có nhu cầu vui lòng liên hệ: Cửa Hàng Đồ Cũ Hoàng Tân Hotline: 0908233015 http://www.quangcao24h.com.vn Các trang công ty liên kết đăng: http://www.quangcao24h.com.vn/ chi-tiet/xem/14/65117-chuyen- mua-ban-ton-cay-%E2%80%93-cua- cu-%E2%80%93cau-thang-%E2%80% 93-lan-can http://www.quangcao24h.com.vn/ chi-tiet/xem/14/65117-chuyen-m ua-ban-ton-cay-%E2%80%93-cua-c u-%E2%80%93cau-thang-%E2%80%93 -lan-can-0908233015 https://www.vatgia.com/raovat/ 11068/14974761/chuyen-mua-ban- ton-cay-%E2%80%93-cua-cu-%E2%8 0%93-cau-thang-%E2%80%93-lan-c an.html http://mua24h.com.vn/chi-tiet. aspx?id=1711280045 https://muare.vn/threads/84/ch uyen-mua-ban-ton-cay-cua-cu-ca u-thang-lan-can-0908233015.465 8582/ http://www.enbac.net/index/fra me/detail/id/883041/Chuyen-Mua -Ban-Ton-Cay-%E2%80%93-Cua-Cu- %E2%80%93-Cau-Thang-%E2%80%93- Lan-Ca.html http://muaban.com.vn/Cac-loai- khac-126/Chuyen-Mua-Ban-Ton-Ca y-Cua-Cu-Cau-Thang-Lan-Can-090 8233015-4454711.html http://enbien.vn/Tp-HCM/Linh-v uc-khac/Chuyen-Mua-Ban-Ton-Cay -Cua-Cu-Cau-Thang-Lan-Can-0908 233015-raovat-1513288.html https://tudomuaban.com/chi-tie t-rao-vat/749161/chuyen-mua-ba n-ton-cay--cua-cu--cau-thang-- lan-can---0908233015.html http://www.queolua.com/chuyen- mua-ban-ton-cay-cua-cu-cau-tha ng-lan-can-0908233015-121371ca .html?msg=POSTING_POSTED http://raovat113.com/threads/c huyen-mua-ban-ton-cay-%E2%80%9 3-cua-cu-%E2%80%93-cau-thang-% E2%80%93-lan-can-0908233015.35 2603/ http://canmuaban.vn/threads/ch uyen-mua-ban-ton-cay-%E2%80%93 -cua-cu-%E2%80%93-cau-thang-% E2%80%93-lan-can-0908233015.22 1027/ http://truyenthongtoancau.com/ index.php?threads/chuy%C3%AAn- mua-b%C3%A1n-t%C3%B4n-c%C3%A2y -%E2%80%93-c%E1%BB%ADa-c%C5% A9-%E2%80%93-c%E1%BA%A7u-thang -%E2%80%93-lan-can-0908233015. 14076/ https://raovat.vn/chuyen-mua-b an-ton-cay-cua-cu-cau-thang-la n-can-0908233015-raovat-177660 4.html http://raovat.tuoitrevn.net/t9 8164-dien-dan-rao-vat-tong-hop -chuyen-mua-ban-ton-cay-cua- cu-cau-thang-lan-can#142849 http://quangcaotuoitre.vn/chi- tiet/xem/14/65117-chuyen-mua-b an-ton-cay-%E2%80%93-cua-cu-%E 2%80%93cau-thang-%E2%80%93-lan -can-0908233015 http://www.xaluan.com/raovat/ 2/posts/12-Mua-Ban-Tong-Hop/ 81-Khac/1283784-Chuyen-Mua- Ban-Ton-Cay-Cua-Cu-Cau-Thang- Lan.html"
vi,Đồ dùng nội ngoại thất,,http://www.quangcao24h.com.vn/chi-tiet/xem/14/828-mua-ban-do-cu-quan-binh-thanh,Mua bán đồ cũ quận bình thạnh,,"CỬA HÀNG ĐỒ CŨ DUY TÂN Chuyên thu mua xác nhà, nhà xưởng, trường học, bệnh viện giá cao - Thu mua xác nhà, nhà xưởng trường học với giá cao. - Chuyên đấu thầu thu mua xác nhà xưởng, cơ quan, trường học, nhà ở. - Thu mua các loại vật liệu xây dựng đã qua sử dụng như: sàn gỗ, cây gỗ, cửa nhôm, cửa sắt, cầu thang, lang can các loại,…. với giá cả hợp lí nhất. - Bán hoặc trao đổi các loại vật liệu mới, cũ với giá cả ưu đãi. - Thu mua các loại máy lạnh đã qua sử dụng với giá cao. - Thu mua phế liệu: Nhôm, Đồng... Thanh lý Tất cả đồ dùng văn phòng, quán ăn, nhà hàng và gia đình đã qua sử dụng: Tủ, bàn ghế, Kệ Ti Vi, Két sắt, bàn Giám Đốc, quầy kệ hồ sơ, MG, Tivi, TL, Sofa, Salon, giường, đồ gỗ..v..v.. Cửa hàng chúng tôi chuyên kinh doanh các loại vật liệu xây dựng mới và đã qua sử dụng phù hợp với mọi yêu cầu của tất cả Quý khách hàng. Đặc biệt cửa hàng chúng tôi chuyên: Chúng tôi rất mong nhận được sự quan tâm và ủng hộ của Quý khách hàng. Khách hàng có nhu cầu vui lòng liên hệ: Cửa Hàng Đồ Cũ Duy Tân Hotline; 0908233015 Địa chỉ: 301 Nơ Trang Long, P. 13, Q. Bình Thạnh Tp. Hồ Chí Minh http://www.quangcao24h.com.vn Các trang công ty liên kết đăng: http://www.quangcao24h.com.vn/ chi-tiet/xem/14/828-mua-ban- do-cu-quan-binh-thanh https://www.vatgia.com/raovat/ 11068/15361259/mua-ban-do-cu- quan-binh-thanh.html http://tructiep.vn/cac-mat- hang-khac/mua-ban-do-cu-quan- binh-thanh-4307571.htm https://tudomuaban.com/chi- tiet-rao-vat/924566/mua-ban- do-cu-quan-binh-thanh.html http://raovat24.com.vn/raovat/ TPHCM/Khac/Mua-ban-do-cu-quan- binh-thanh-204462/ https://tinrao24h.net/tin/mua- ban-do-cu-quan-binh-thanh. 11840/ http://thongtin24h.net/ threads/mua-ban-do-cu-quan- binh-thanh.305576/ http://enbien.vn/Tp-HCM/Linh- vuc-khac/Mua-ban-do-cu-quan- binh-thanh-raovat-1592676.html https://truyenthongtoancau. com/index.php?threads/mua-b% C3%A1n-%C4%91%E1%BB%93-c%C5% A9-qu%E1%BA%ADn-b%C3%ACnh-th% E1%BA%A1nh.45404/ https://raovat321.com/dich-vu/ mua-ban-do-cu-quan-binh-thanh- 276829.html https://raovat.vn/mua-ban-do- cu-quan-binh-thanh-raovat- 1912226.html http://www.kenhrao.com/Tin- chi-tiet-818164-mua-ban-do-cu- quan-binh-thanh.html http://raovat.chonmua.com/TP- HCM/mua-ban-do-cu-quan-binh- thanh-rv35AF1DDF.html http://muaban.com.vn/Do-van- phong-121/Mua-ban-do-cu-quan- binh-thanh-4452539.html http://quangcaotuoitre.vn/chi- tiet/xem/14/828-mua-ban-do-cu- quan-binh-thanh http://www.xaluan.com/raovat/ 2/posts/12-Mua-Ban-Tong-Hop/ 81-Khac/1336800-Mua-Ban-Do-Cu- Quan-Binh-Thanh.html"
vi,Đồ dùng nội ngoại thất,,http://www.quangcao24h.com.vn/chi-tiet/xem/2517/160284-boc-ghe-sofa-quan-1-boc-ghe-sofa-quan-10,Bọc Ghế Sofa Quận 1 Bọc Ghế Sofa Quận 10,,"SOFA HƯNG THỊNH Đ/c: 373/1/147 Lý Thường Kiệt, P.9, Q.Tân Bình Tel: 0984438579 - 0901992086 Ngày nay, những chiếc ghế sofa hẳn không còn xa lạ với chúng ta, nó đem lại cho mỗi người cảm giác thoải mái sau một ngày làm việc, nhưng không có gì còn mãi với thời gian, sau một thời gian sử dụng sẽ bị sờn rách, bong tróc. Đáp ứng nhu cầu đó, Sofa Hưng Thịnh nhận bọc lại ghế sofa cũ, đóng mới ghế sofa với kỹ thuật tiên tiến, đảm bảo giữ nguyên cảm giác như khi mới mua về. Sofa Hưng Thịnh chuyên sửa chữa, làm mới, bọc mới bàn ghế sofa, salon, ghế giám đốc, ghế văn phòng, nội thất gia đình, nội thất phòng karaoke, cafe … - Sofa Hưng Thịnh nhận đóng mới sofa cho nhà hàng, khách sạn, quán karaoke...Với những loại chất liệu giả da - da thật - nỉ - vải- nệm - simili của Indo, Thái Lan, Hàn Quốc… - Nhận sửa tận nhà cho quý khách hàng với giá rẻ nhất và chất lượng tốt nhất. Với phương châm đặt ""Uy tín chất lượng lên hàng đầu"" Sofa Hưng Thịnh đảm bảo mang tới cho quý khách hàng sự hài lòng và chất lượng dịch vụ tuyệt đối. - Cơ sở Sofa Hưng Thịnh rất hân hạnh được phục vụ quý khách ở TPHCM và các tỉnh lân cận. Quý khách hàng có nhu cầu vui lòng liên hệ hotline: 0984438579 - 0901992086 để được tư vấn và hỗ trợ tốt nhất. SOFA HƯNG THỊNH Đ/c: 373/1/147 Lý Thường Kiệt, P.9, Q.Tân Bình Tel: 0984438579 - 0901992086 http://www.quangcao24h.com.vn Các trang công ty liên kết đăng: http://www.quangcao24h.com.vn/ chi-tiet/xem/2517/160284-boc- ghe-sofa-quan-1-boc-ghe-sofa- quan-10 https://www.vatgia.com/raovat/ 3392/15353960/boc-ghe-sofa- quan-1-boc-ghe-sofa-quan-10. html https://tudomuaban.com/chi- tiet-rao-vat/920501/boc-ghe- sofa-quan-1-boc-ghe-sofa-quan- 10.html http://tructiep.vn/san-pham/ boc-ghe-sofa-quan-1-boc-ghe- sofa-quan-10-4303324.htm http://enbien.vn/Tp-HCM/Phong- khach/Boc-Ghe-Sofa-Quan-1-Boc- Ghe-Sofa-Quan-10-raovat- 1591529.html http://raovat24.com.vn/raovat/ TPHCM/Noi-ngoai-that-99/Boc- Ghe-Sofa-Quan-1-Boc-Ghe-Sofa- Quan-10-202517/ https://tinrao24h.net/tin/boc- ghe-sofa-quan-1-boc-ghe-sofa- quan-10.11521/ https://raovat321.com/do-dung/ boc-ghe-sofa-quan-1-boc-ghe- sofa-quan-10-273889.html https://raovat.vn/boc-ghe- sofa-quan-1-boc-ghe-sofa-quan- 10-raovat-1908729.html http://raovat.chonmua.com/TP- HCM/boc-ghe-sofa-quan-1-boc- ghe-sofa-quan-10-rv35AF1491. html http://muaban.com.vn/Sofa- salon-338/Boc-Ghe-Sofa-Quan-1- Boc-Ghe-Sofa-Quan-10-4450053. html http://quangcaotuoitre.vn/chi- tiet/xem/2517/160284-boc-ghe- sofa-quan-1-boc-ghe-sofa-quan- 10 http://thongtin24h.net/ threads/boc-ghe-sofa-quan-1- boc-ghe-sofa-quan-10.304130/ https://truyenthongtoancau. com/index.php?threads/b%E1%BB% 8Dc-gh%E1%BA%BF-sofa-qu%E1%BA% ADn-1-b%E1%BB%8Dc-gh%E1%BA%BF- sofa-qu%E1%BA%ADn-10.44981/ http://www.xaluan.com/raovat/ 2/posts/12-Mua-Ban-Tong-Hop/ 66-Do-Noi-That/1335575-Boc- Ghe-Sofa-Quan-1-Boc-Ghe-Sofa- Quan-10.html"
vi,Đồ dùng nội ngoại thất,,http://www.quangcao24h.com.vn/chi-tiet/xem/14/46443-mua-ban-do-cu-daqua-su-dung-thanh-ly-quan-an-gia-cao,Mua Bán Đồ Cũ Đã  Qua Sử Dụng Thanh Lý Quán Ăn Giá Cao,,"CHỢ ĐỒ ĐỒ CŨ QUANG THANH http://docuquangthanh.com Địa chỉ: 654 Kha vạn cân, P. Linh đông, Thủ Đức Điện thoại: 0977031171 Chuyên: mua và bán các loại bàn ghế văn phòng gia đình, tủ áo, giường, salon, sofa, bàn ghế nhà hàng, cafe, quán ăn, văn phòng, xe cơm, xe phở, hàng thanh lý các loại, tất cả đồ đã qua sử dụng. Đồ Cũ Quang Thanh chuyên mua tất cả đồ dùng đã qua sử dụng của nhà hàng, làng nướng, quán cơm, quán phở, quán nhậu, căn tin, quán café… Tất cả thiết bị đồ dùng trong nhà bếp … quầy bar, kệ inox, âm thanh hát với nhau, karaoke 5 số - 6 số. máy lạnh, tủ lạnh, tủ đông, tủ mát. Bàn ghế gỗ, bàn ghế inox, bàn ghế nhựa, bàn ghế giả mây… Xe nước mía, xe inox, xe nhôm… Đến tận nơi, không ngại xa, mua trọn gói, giá cả cạnh tranh, thanh toán một lần, Vận chuyển nhanh gọn.24/24. Qúy khách hàng có nhu cầu MUA & BÁN xin vui lòng liên hệ: Địa chỉ: 654 Kha Vạn Cân, P. Linh đông, Thủ Đức. Chúng tôi sẽ đến tận nơi xem đồ và mua giá cao! Không ngại xa. Chúng tôi cam kết giá thu mua sát với giá thị trường , không ép giá + Vui vẻ , nhiệt tình + Thanh toán 100 % trọn gói 1 lần Phục vụ tất cả các khu vực 24h/24h - không ngại xa Liên Hệ: 0977031171 A. Thanh Cần thanh lý gấp 1 số bàn ghế văn phòng, và 50 giường xuất khẩu http://www.quangcao24gio.net CỬA HÀNG ĐỒ CŨ QUANG THANH http://docuquangthanh.com Địa chỉ: 654 Kha vạn cân, P. Linh đông, Thủ Đức Điện thoại: 0977031171 Các trang công ty liên kết đăng: http://www.quangcao24h.com.vn/ chi-tiet/xem/14/46443-thanh- ly-quan-an-gia-cao http://www.quangcao24h.com.vn/ chi-tiet/xem/14/46443-mua-ban- do-cu-daqua-su-dung-thanh-ly-q uan-an-gia-cao https://www.vatgia.com/raovat/ 11068/15203568/mua-ban-do-cu-d a-qua-su-dung-thanh-ly-quan-an -gia-cao.html https://tinrao24h.net/tin/mua- ban-do-cu-da-qua-su-dung-thanh -ly-quan-an-gia-cao.3863/ https://raovat24.com.vn/raovat /TPHCM/Mat-hang-khac/Mua-Ban-D o-Cu-Da-Qua-Su-Dung-Thanh-Ly-Q uan-An-Gia-Cao-161696/ http://www.kenhrao.com/Tin-chi -tiet-745449-mua-ban-do-cu-da- qua-su-dung-thanh-ly-quan-an-g ia-cao.html https://tudomuaban.com/chi-tie t-rao-vat/841765/mua-ban-do-cu -da-qua-su-dung-thanh-ly-quan- an-gia-cao.html http://www.queolua.com/mua-ban -do-cu-da-qua-su-dung-thanh-ly -quan-an-gia-cao-12149e25.html ?msg=POSTING_POSTED http://muaban.com.vn/Do-gia-du ng-122/Mua-Ban-Do-Cu-Da-Qua-Su -Dung-Thanh-Ly-Quan-An-Gia-Cao -4366796.html http://123nhanh.com/Ho-Chi-Min h/rao-vat-khac/Mua-Ban-Do-Cu- Da-Qua-Su-Dung--Thanh-Ly-Quan- An-Gia-Cao-d13be.html http://raovat.chonmua.com/TP-H CM/mua-ban-do-cu-da-qua-su-dun g-thanh-ly-quan-an-gia-cao-rv3 5AE74EF.html https://raovat.vn/mua-ban-do-c u-da-qua-su-dung-thanh-ly-quan -an-gia-cao-raovat-1845512. html http://truyenthongtoancau.com/ index.php?threads/mua-b%C3%A1n -%C4%90%E1%BB%93-c%C5%A9-%C4% 90%C3%A3-qua-s%E1%BB%AD-d%E1% BB%A5ng-thanh-l%C3%BD-qu%C3% A1n-%C4%82n-gi%C3%A1-cao.33805 / http://tructiep.vn/cac-mat-han g-khac/mua-ban-do-cu-da-qua- su-dung-thanh-ly-quan-an-gia- cao-4218610.htm http://quangcaotuoitre.vn/chi- tiet/xem/14/46443-mua-ban-do-c u-daqua-su-dung-thanh-ly-quan- an-gia-cao http://www.xaluan.com/raovat/ 2/posts/12-Mua-Ban-Tong-Hop/ 81-Khac/1311982-Mua-Ban-Do-Cu- Da-Qua-Su-Dung-Thanh-Ly-Quan- An-Gia.html"
vi,Đồ dùng nội ngoại thất,,http://www.quangcao24h.com.vn/chi-tiet/xem/2517/179558-mua-ban-do-cu-tai-bien-hoa-dong-nai-di-an-binh-duong-quan-9,Mua Bán Đồ Cũ Tại Biên Hòa Đồng Nai Dĩ An Bình Dương Quận 9,,"SIÊU THI ĐỒ CŨ HOÀNG LONG Địa chỉ: 730 Kha Vạn Cân - P. Linh Đông - Thủ Đức Hotline: 0903.678.896 - 0169.9955.005 Siêu thị đồ dùng đã qua sử dụng lớn nhất Sài Gòn Chuyên mua bán toàn bộ đồ dùng qua sử dụng của: Nhà hàng, Công ty, Gia đình, Khách sạn, Làng nướng, Quán ăn, Nhậu, Cơm, Phở, Cafe... Giường, tủ, Bàn ghế Sofa, bàn ghế sân vườn,Bàn ghế nhựa, bàn ghế nhựa giả mây, gỗ, inox...Quầy lể tân, quầy Rượu, kệ inox. Đồ dùng nhà bếp : Máng hút khói, Bếp Âu, Á, Bếp khè, Nồi cơm công nghiệp, Nồi cơm ga, Bàn thớt, ly tách, chén dĩa CK, xe cơm, xe nước mía,... Âm thanh sân khấu, TV, LCD, ổn áp, Laptop, Dàn vi tính, Dàn karaoke 5->6 số, Máy lạnh, máy Giặt, Máy Tính tiền, Phát điện, Tủ lạnh, Tủ Đông, tủ Mát.. Mua bán trao đổi nhiệt tình, không ngại xa trong & ngoài Thành Phố 24/24 ... SIÊU THI ĐỒ CŨ HOÀNG LONG Địa chỉ: 730 Kha Vạn Cân - P. Linh Đông - Thủ Đức Hotline: 0903678896 - 01699955005 Website: sieuthidocuhoanglong.com http://www.quangcao24gio.net 0973717877 - 0908703620 http://www.quangcao24h.com.vn Các trang công ty liên kết đăng: http://www.quangcao24h.com.vn/ chi-tiet/xem/2517/179558-mua-b an-do-cu-tai-bien-hoa-dong-nai -di-an-binh-duong-quan-9 https://www.vatgia.com/raovat/ 11068/15203577/mua-ban-do-cu-t ai-bien-hoa-dong-nai-di-an-bin h-duong-quan-9.html https://tinrao24h.net/tin/mua- ban-do-cu-tai-bien-hoa-dong-na i-di-an-binh-duong-quan-9.3867 / https://raovat24.com.vn/raovat /TPHCM/Mat-hang-khac/Mua-Ban-D o-Cu-Tai-Bien-Hoa-Dong-Nai-Di- An-Binh-Duong-Quan-9-161704/ http://www.kenhrao.com/Tin-chi -tiet-745466-mua-ban-do-cu-tai -bien-hoa-dong-nai-di-an-binh- duong-quan-9.html http://muaban.com.vn/Do-gia-du ng-122/Mua-Ban-Do-Cu-Tai-Bien- Hoa-Dong-Nai-Di-An-Binh-Duong- Quan-9-4366787.html https://tudomuaban.com/chi-tie t-rao-vat/841775/mua-ban-do-cu -tai-bien-hoa-dong-nai-di-an- binh-duong-quan-9.html http://www.queolua.com/mua-ban -do-cu-tai-bien-hoa-dong-nai-d i-an-binh-duong-quan-9-12149e2 e.html?msg=POSTING_POSTED http://123nhanh.com/Ho-Chi-Min h/rao-vat-khac/Mua-Ban-Do-Cu- Tai-Bien-Hoa-Dong-Nai--Di-An- Binh-Duong--Q-d13bb.html http://raovat.chonmua.com/TP-H CM/mua-ban-do-cu-tai-bien-hoa- dong-nai-di-an-binh-duong-quan -9-rv35AE74E7.html https://raovat.vn/mua-ban-do-c u-tai-bien-hoa-dong-nai-di-an- binh-duong-quan-9-raovat-18455 08.html http://truyenthongtoancau.com/ index.php?threads/mua-b%C3%A1n -%C4%90%E1%BB%93-c%C5%A9-t%E1% BA%A1i-bi%C3%AAn-h%C3%B2a-%C4% 90%E1%BB%93ng-nai-d%C4%A9-an- b%C3%ACnh-d%C6%B0%C6%A1ng-qu% E1%BA%ADn-9.33801/ http://tructiep.vn/cac-mat-han g-khac/mua-ban-do-cu-tai-bien- hoa-dong-nai-di-an-binh-duong- quan-9-4218605.htm http://quangcaotuoitre.vn/chi- tiet/xem/2517/179558-mua-ban-d o-cu-tai-bien-hoa-dong-nai-di- an-binh-duong-quan-9 http://www.xaluan.com/raovat/ 2/posts/12-Mua-Ban-Tong-Hop/ 81-Khac/1311986-Mua-Ban-Do-Cu- Tai-Bien-Hoa-Dong-Nai-Di-An- Binh-Du.html"
vi,Đồ dùng nội ngoại thất,,http://www.quangcao24h.com.vn/chi-tiet/xem/14/30708-thanh-ly-do-dung-gia-dinh,Thanh Lý Đồ Dùng Gia Đình,,"CỬA HÀNG ĐỒ CŨ QU ÂN CẢNH Hotline: 09 03128495 Địa chỉ : 1111 Lê Đức Thọ, P.13, Q. Gò Vấp, TP.HCM Mua, bán : T ất cả đồ dùng văn phòng và g ia đình đã qua sử dụng: Tủ, bàn ghế, Kệ Ti Vi, K ét sắt, bàn Giám Đốc, quầy kệ hồ sơ, Tivi, Sofa, Salon, giường, đồ ghỗ ..v..v.. Tất cả nội thất văn phòng, Công Ty, Gia đình, nhà hàng, Mua nhanh giá cao, thanh toán nhanh 1 lần Đồ Cũ Quân Cảnh chuyên mua tất cả đồ dùng đã qua sử dụng của nhà hàng, làng nướng, quán cơm, quán phở, quán nhậu, căn tin, quán café… Tất cả thiết bị đồ dùng trong nhà bếp … quầy bar, kệ inox, âm thanh hát với nhau, karaoke 5 số - 6 số. máy lạnh, tủ lạnh, tủ đông, tủ mát. Bàn ghế gỗ, bàn ghế inox, bàn ghế nhựa, bàn ghế giả mây… Xe nước mía, xe inox, xe nhôm… Đến tận nơi, không ngại xa, mua trọn gói, giá cả cạnh tranh, thanh toán một lần, Vận chuyển nhanh gọn.24/24. Qúy khách hàng có nhu cầu MUA & BÁN xin vui lòng liên hệ: Chúng tôi sẽ đến tận nơi xem đồ và mua giá cao! Không ngại xa. Chúng tôi cam kết giá thu mua sát với giá thị trường , không ép giá + Vui vẻ , nhiệt tình + Thanh toán 100 % trọn gói 1 lần Phục vụ tất cả các khu vực 24h/24h - không ngại xa - Mua bán: Bàn Ghế, Giường Tủ - Thanh Lý: Đồ dùng, quán cafe, quán nhậu, quán Bar - Thanh Lý hàng công ty, xác nhà, kho xưởng các loại... - XÁC NHÀ KHO NHÀ XƯỞNG Thông tin liên hệ: Cửa Hàng Đồ Cũ QUÂN CẢNH Địa chỉ: 1111 Lê Đức Thọ, Phường 13, Gò Vấp Sđt: 0903128495 http://www.quangcao24gio.net Xem thêm: mua bán đồ cũ gò vấp , mua ban do cu go vap , mua ban ton , mua cua cu , mua xac nha kho xuong http://www.quangcao24h.com.vn/ Các trang công ty liên kết đăng: http://www.quangcao24h.com.vn/ chi-tiet/xem/14/30708-thanh-ly -do-dung-gia-dinh http://www.vatgia.com/raovat/1 1068/14849558/thanh-ly-do-dung -gia-dinh.html http://mua24h.com.vn/chi-tiet. aspx?id=1709240005 https://muare.vn/threads/84/th anh-ly-do-dung-gia-dinh.459858 4/ http://www.enbac.net/index/fra me/detail/id/852676/Thanh-Ly-D o-Dung-Gia-Dinh.html http://muaban.com.vn/Do-gia-du ng-122/Thanh-Ly-Do-Dung-Gia-Di nh-4401181.html http://enbien.vn/Tp-HCM/Linh-v uc-khac/Thanh-Ly-Do-Dung-Gia-D inh-raovat-1480617.html http://raovat.tuoitrevn.net/t9 0196-dien-dan-rao-vat-tong-hop -thanh-ly-do-dung-gia-dinh#130 548 https://tudomuaban.com/chi-tie t-rao-vat/711459/thanh-ly-do-d ung-gia-dinh.html http://www.xaluan.com/raovat/2 /posts/12-Mua-Ban-Tong-Hop/66- Do-Noi-That/1268645-Thanh-Ly- Do-Dung-Gia-Dinh.html http://raovat113.com/threads/ thanh-ly-do-dung-gia-dinh. 311624/ http://canmuaban.vn/threads/ thanh-ly-do-dung-gia-dinh. 194041/ https://raovat.vn/thanh-ly-do- dung-gia-dinh-raovat-1747414. html http://tructiep.vn/do-dung- gia-dinh/thanh-ly-do-dung-gia- dinh-4065645.htm http://truyenthongtoancau.com/ index.php?threads/thanh-l%C3% BD-%C4%90%E1%BB%93-d%C3%B9ng- gia-%C4%90%C3%ACnh.6306/ http://quangcaotuoitre.vn/chi- tiet/xem/14/30708-thanh-ly-do- dung-gia-dinh"
